item,window,code,metric,value,judgment
A5(a),2026-10-01 09:55:59~09:58:00 (기동),0c8e729 계열,[AUDIT-UPDATE] BUY 실시간 재판정 건수,172,
A5(a),2026-10-01 11:42:01~11:44:00 (기동),52286af,같은 줄 건수,199,
A5(a),2026-10-01 13:24:41~13:26:00 (기동),dda1ec6,같은 줄 건수,200,
A5(a),2026-10-01 18:10:24~18:12:00 (기동),83f48ba(6536c08),같은 줄 건수,185,
A5(a),2026-10-01 20:10:55~20:12:00 (기동),bc8bbf1(962bb46),같은 줄 건수,200,기존 동작 (기동마다 워밍업 버퍼 200봉 중 이미 감사 행이 있는 봉 수만큼)
A5(b),2026-10-01 18:10:24~20:10:24 (이전 기동 2시간),83f48ba,'개 봉 변경 감지 (지표는 증분만)' 건수 / CLOCK-CLOSE / NO-TRADE,24 / 24 / 0,
A5(b),2026-10-01 18:10:24~20:10:24,83f48ba,간격 분포(분),5분 23회,
A5(b),2026-10-01 18:10:24~20:10:24,83f48ba,'변경 감지!' 분류 / 변경 봉 = 확정 대상 봉,changed=1 inserted=1 x24 / 24/24,
A5(b),2026-10-01 20:10:55~22:10:55 (이번 기동 2시간),bc8bbf1,같은 줄 건수 / CLOCK-CLOSE / NO-TRADE,23 / 24 / 1,
A5(b),2026-10-01 20:10:55~22:10:55,bc8bbf1,간격 분포(분),5분 21회 + 10분 1회(무거래 봉 건너뜀),
A5(b),2026-10-01 20:10:55~22:10:55,bc8bbf1,'변경 감지!' 분류 / 변경 봉 = 확정 대상 봉,changed=1 inserted=1 x23 / 23/23,기존 동작 (주기·분류 동일)
A5(b),예시 2026-10-01 20:15:11,bc8bbf1,변경 봉 로컬 값 / REST 값,로컬 없음(inserted — 형성 중 봉을 미리 받지 않으므로 새 확정 봉은 로컬에 없음) / REST 20:10 봉 close=734 high=734 low=731 volume=2493.12,
