"# 표 1. 기동별 시드 값 (A=200봉 SMA 현재, B=800봉 증분, C=장기 기준) — 재현 검증 포함"
boot,boot_kst,interval,fast/slow,last_bar,A_bars,B_bars,C_bars,A_fast,A_slow,journal_fast,journal_slow,A_seed_vs_journal,B_fast,B_slow,C_fast,C_slow,A_gap(f-s),B_gap,C_gap,A_realtime_vs_BarLog(일치/대조),window_end,realtime_bars
1,2026-09-02 14:32:56,minute1,20/200,확정,200,800,1793,585.35,585.14,585.35,585.14,일치,585.5428,586.5944,585.5428,586.5895,0.21,-1.0516,-1.0467,134/134,2026-09-02 19:04,134
2,2026-09-02 19:04:25,minute5,60/200,형성 중,200,800,2590,583.0,586.325,583.0,586.33,일치,583.3117,587.3685,583.3117,587.3509,-3.325,-4.0569,-4.0392,246/246,2026-09-03 19:04,246
3,2026-09-04 17:46:48,minute5,60/200,형성 중,200,800,3101,589.3167,604.31,589.32,604.31,일치,591.2438,596.916,591.2438,596.9167,-14.9933,-5.6721,-5.6728,20/20,2026-09-04 19:46,21
4,2026-09-04 19:46:56,minute5,60/200,확정,200,800,3123,588.3333,602.62,588.33,602.62,일치,590.0202,595.3956,590.0202,595.3967,-14.2867,-5.3755,-5.3766,267/267,2026-09-05 19:46,267
5,2026-09-12 17:36:25,minute5,60/200,확정,200,800,5190,591.4667,589.715,591.47,589.72,일치,591.7446,587.4659,591.7446,587.4548,1.7517,4.2788,4.2899,220/220,2026-09-13 17:00,221
6,2026-09-13 17:00:58,minute5,60/200,확정,200,800,5411,588.95,597.045,588.95,597.04,일치,588.6456,593.1305,588.6456,593.1392,-8.095,-4.4849,-4.4936,219/219,2026-09-14 17:00,219
7,2026-09-18 17:26:34,minute5,60/200,확정,200,800,6653,625.5833,613.74,625.58,613.74,일치,623.5262,613.3971,623.5262,613.3853,11.8433,10.1291,10.1409,284/284,2026-09-19 17:26,284
8,2026-09-25 12:41:06,minute5,60/200,형성 중,200,800,8578,673.3667,665.08,673.37,665.08,일치,672.8896,665.4188,672.8896,665.4288,8.2867,7.4709,7.4609,281/281,2026-09-26 12:41,281
9,2026-09-30 16:33:06,minute5,60/200,형성 중,200,800,10011,759.75,756.49,759.75,756.49,일치,756.8929,757.5385,756.8929,757.5204,3.26,-0.6456,-0.6274,16/16,2026-09-30 18:02,17
10,2026-09-30 18:02:09,minute5,60/200,형성 중,200,800,10029,757.1333,756.315,757.13,756.32,일치,756.8338,757.4215,756.8338,757.4094,0.8183,-0.5877,-0.5756,16/16,2026-09-30 19:44,19
11,2026-09-30 19:44:29,minute5,60/200,형성 중,200,800,10049,755.65,756.91,755.65,756.91,일치,756.3536,757.167,756.3536,757.158,-1.26,-0.8133,-0.8044,168/168,2026-10-01 09:56,168
12,2026-10-01 09:56:09,minute5,60/200,확정,200,800,10218,719.3167,738.76,719.32,738.76,일치,722.7473,734.5019,722.7473,734.5141,-19.4433,-11.7546,-11.7668,21/21,2026-10-01 11:42,21
13,2026-10-01 11:42:08,minute5,60/200,형성 중,200,800,10239,722.8333,735.595,722.83,735.6,일치,724.9931,733.1656,724.9931,733.1776,-12.7617,-8.1725,-8.1845,18/18,2026-10-01 13:24,18

"# 표 2. 교차 비교 — shift_bars = (y 교차 봉) − (x 교차 봉), 음수 = y 가 먼저. 짝짓기 창 ±36봉"
boot,boot_kst,pair,type,x_cross_kst,y_cross_kst,shift_bars,status
1,2026-09-02 14:32:56,AvsB,DC,2026-09-02 15:12,,,only_A
1,2026-09-02 14:32:56,AvsB,GC,2026-09-02 17:28,,,only_A
1,2026-09-02 14:32:56,AvsB,DC,2026-09-02 17:43,,,only_A
1,2026-09-02 14:32:56,AvsB,GC,2026-09-02 18:18,,,only_A
1,2026-09-02 14:32:56,AvsB,DC,2026-09-02 18:43,,,only_A
1,2026-09-02 14:32:56,AvsC,DC,2026-09-02 15:12,,,only_A
1,2026-09-02 14:32:56,AvsC,GC,2026-09-02 17:28,,,only_A
1,2026-09-02 14:32:56,AvsC,DC,2026-09-02 17:43,,,only_A
1,2026-09-02 14:32:56,AvsC,GC,2026-09-02 18:18,,,only_A
1,2026-09-02 14:32:56,AvsC,DC,2026-09-02 18:43,,,only_A
2,2026-09-02 19:04:25,AvsB,GC,2026-09-03 16:00,2026-09-03 16:05,1,matched
2,2026-09-02 19:04:25,AvsC,GC,2026-09-03 16:00,2026-09-03 16:05,1,matched
2,2026-09-02 19:04:25,BvsC,GC,2026-09-03 16:05,2026-09-03 16:05,0,matched
5,2026-09-12 17:36:25,AvsB,DC,2026-09-13 10:45,2026-09-13 11:05,4,matched
5,2026-09-12 17:36:25,AvsC,DC,2026-09-13 10:45,2026-09-13 11:05,4,matched
5,2026-09-12 17:36:25,BvsC,DC,2026-09-13 11:05,2026-09-13 11:05,0,matched
6,2026-09-13 17:00:58,AvsB,GC,2026-09-14 13:00,2026-09-14 12:50,-2,matched
6,2026-09-13 17:00:58,AvsC,GC,2026-09-14 13:00,2026-09-14 12:50,-2,matched
6,2026-09-13 17:00:58,BvsC,GC,2026-09-14 12:50,2026-09-14 12:50,0,matched
7,2026-09-18 17:26:34,AvsB,DC,2026-09-19 00:20,2026-09-19 00:20,0,matched
7,2026-09-18 17:26:34,AvsB,GC,2026-09-19 05:40,2026-09-19 05:35,-1,matched
7,2026-09-18 17:26:34,AvsB,DC,2026-09-19 16:30,2026-09-19 16:30,0,matched
7,2026-09-18 17:26:34,AvsC,DC,2026-09-19 00:20,2026-09-19 00:20,0,matched
7,2026-09-18 17:26:34,AvsC,GC,2026-09-19 05:40,2026-09-19 05:35,-1,matched
7,2026-09-18 17:26:34,AvsC,DC,2026-09-19 16:30,2026-09-19 16:30,0,matched
7,2026-09-18 17:26:34,BvsC,DC,2026-09-19 00:20,2026-09-19 00:20,0,matched
7,2026-09-18 17:26:34,BvsC,GC,2026-09-19 05:35,2026-09-19 05:35,0,matched
7,2026-09-18 17:26:34,BvsC,DC,2026-09-19 16:30,2026-09-19 16:30,0,matched
11,2026-09-30 19:44:29,AvsB,GC,2026-09-30 22:00,2026-09-30 21:55,-1,matched
11,2026-09-30 19:44:29,AvsB,DC,2026-09-30 23:35,2026-09-30 23:30,-1,matched
11,2026-09-30 19:44:29,AvsC,GC,2026-09-30 22:00,2026-09-30 21:55,-1,matched
11,2026-09-30 19:44:29,AvsC,DC,2026-09-30 23:35,2026-09-30 23:35,0,matched
11,2026-09-30 19:44:29,BvsC,GC,2026-09-30 21:55,2026-09-30 21:55,0,matched
11,2026-09-30 19:44:29,BvsC,DC,2026-09-30 23:30,2026-09-30 23:35,1,matched
