boot,boot_kst,trade_id,trade_ts,type,reason,price,bar_time,A_cross_reproduced,B(800봉 증분)였다면,C(장기 기준)였다면
1,2026-09-02 14:32:56,943,2026-09-02T17:29:15,BUY,EMA_GC,586.0,2026-09-02T17:28:00,예,해당 교차 없음,해당 교차 없음
1,2026-09-02 14:32:56,944,2026-09-02T17:44:21,SELL,EMA_DC,580.429141937947,2026-09-02T17:43:00,예,해당 교차 없음,해당 교차 없음
1,2026-09-02 14:32:56,945,2026-09-02T18:19:13,BUY,EMA_GC,586.0,2026-09-02T18:18:00,예,해당 교차 없음,해당 교차 없음
1,2026-09-02 14:32:56,946,2026-09-02T18:44:08,SELL,EMA_DC,580.0,2026-09-02T18:43:00,예,해당 교차 없음,해당 교차 없음
2,2026-09-02 19:04:25,947,2026-09-03T16:05:30,BUY,EMA_GC,583.0,2026-09-03T16:00:00,예,1봉 늦춤,1봉 늦춤
6,2026-09-13 17:00:58,994,2026-09-13T17:27:01,BUY,force_buy,583.0,,-,교차 무관(사유: force_buy),교차 무관(사유: force_buy)
6,2026-09-13 17:00:58,995,2026-09-13T17:45:13,SELL,STOP_LOSS,578.0,2026-09-13T17:40:00,-,교차 무관(사유: STOP_LOSS),교차 무관(사유: STOP_LOSS)
6,2026-09-13 17:00:58,996,2026-09-13T17:59:41,BUY,force_buy,581.0,,-,교차 무관(사유: force_buy),교차 무관(사유: force_buy)
6,2026-09-13 17:00:58,997,2026-09-13T18:17:38,BUY,HTS_BUY_ADD,581.99377242,,-,교차 무관(사유: HTS_BUY_ADD),교차 무관(사유: HTS_BUY_ADD)
6,2026-09-13 17:00:58,998,2026-09-13T22:21:35,BUY,HTS_BUY_ADD,583.77927457,,-,교차 무관(사유: HTS_BUY_ADD),교차 무관(사유: HTS_BUY_ADD)
6,2026-09-13 17:00:58,999,2026-09-14T00:15:12,SELL,TRAILING_STOP_FIXED,586.0,2026-09-14T00:10:00,-,교차 무관(사유: TRAILING_STOP_FIXED),교차 무관(사유: TRAILING_STOP_FIXED)
6,2026-09-13 17:00:58,1000,2026-09-14T06:24:49,BUY,force_buy,589.0,,-,교차 무관(사유: force_buy),교차 무관(사유: force_buy)
6,2026-09-13 17:00:58,1001,2026-09-14T07:05:14,SELL,STOP_LOSS,578.0,2026-09-14T07:00:00,-,교차 무관(사유: STOP_LOSS),교차 무관(사유: STOP_LOSS)
6,2026-09-13 17:00:58,1002,2026-09-14T07:45:21,BUY,HTS_BUY,567.0,,-,교차 무관(사유: HTS_BUY),교차 무관(사유: HTS_BUY)
6,2026-09-13 17:00:58,1003,2026-09-14T08:07:33,BUY,HTS_BUY_ADD,567.98818475,,-,교차 무관(사유: HTS_BUY_ADD),교차 무관(사유: HTS_BUY_ADD)
6,2026-09-13 17:00:58,1004,2026-09-14T08:13:36,BUY,HTS_BUY_ADD,567.65841841,,-,교차 무관(사유: HTS_BUY_ADD),교차 무관(사유: HTS_BUY_ADD)
6,2026-09-13 17:00:58,1005,2026-09-14T08:28:41,BUY,HTS_BUY_ADD,568.59115676,,-,교차 무관(사유: HTS_BUY_ADD),교차 무관(사유: HTS_BUY_ADD)
6,2026-09-13 17:00:58,1006,2026-09-14T09:30:14,SELL,TRAILING_STOP_FIXED,571.0,2026-09-14T09:25:00,-,교차 무관(사유: TRAILING_STOP_FIXED),교차 무관(사유: TRAILING_STOP_FIXED)
6,2026-09-13 17:00:58,1007,2026-09-14T10:46:32,BUY,force_buy,579.0,,-,교차 무관(사유: force_buy),교차 무관(사유: force_buy)
6,2026-09-13 17:00:58,1008,2026-09-14T11:30:13,SELL,TRAILING_STOP_FIXED,588.0,2026-09-14T11:25:00,-,교차 무관(사유: TRAILING_STOP_FIXED),교차 무관(사유: TRAILING_STOP_FIXED)
6,2026-09-13 17:00:58,1009,2026-09-14T13:06:29,BUY,HTS_BUY,599.0,,-,교차 무관(사유: HTS_BUY),교차 무관(사유: HTS_BUY)
6,2026-09-13 17:00:58,1010,2026-09-14T13:08:30,BUY,HTS_BUY_ADD,597.33406426,,-,교차 무관(사유: HTS_BUY_ADD),교차 무관(사유: HTS_BUY_ADD)
6,2026-09-13 17:00:58,1011,2026-09-14T15:28:22,BUY,HTS_BUY_ADD,596.75762187,,-,교차 무관(사유: HTS_BUY_ADD),교차 무관(사유: HTS_BUY_ADD)
6,2026-09-13 17:00:58,1012,2026-09-14T15:33:24,BUY,HTS_BUY_ADD,596.21511744,,-,교차 무관(사유: HTS_BUY_ADD),교차 무관(사유: HTS_BUY_ADD)
6,2026-09-13 17:00:58,1013,2026-09-14T15:34:25,BUY,HTS_BUY_ADD,595.69027384,,-,교차 무관(사유: HTS_BUY_ADD),교차 무관(사유: HTS_BUY_ADD)
6,2026-09-13 17:00:58,1014,2026-09-14T16:13:37,BUY,HTS_BUY_ADD,595.17611721,,-,교차 무관(사유: HTS_BUY_ADD),교차 무관(사유: HTS_BUY_ADD)
6,2026-09-13 17:00:58,1015,2026-09-14T16:15:38,BUY,HTS_BUY_ADD,594.66916051,,-,교차 무관(사유: HTS_BUY_ADD),교차 무관(사유: HTS_BUY_ADD)
6,2026-09-13 17:00:58,1016,2026-09-14T16:30:39,BUY,HTS_BUY_ADD,594.16746661,,-,교차 무관(사유: HTS_BUY_ADD),교차 무관(사유: HTS_BUY_ADD)
6,2026-09-13 17:00:58,1017,2026-09-14T16:45:44,BUY,HTS_BUY_ADD,593.66987307,,-,교차 무관(사유: HTS_BUY_ADD),교차 무관(사유: HTS_BUY_ADD)
7,2026-09-18 17:26:34,1047,2026-09-19T05:48:44,BUY,EMA_GC,618.0,2026-09-19T05:40:00,예,1봉 앞당김,1봉 앞당김
7,2026-09-18 17:26:34,1048,2026-09-19T07:15:13,SELL,TRAILING_STOP_FIXED,623.0,2026-09-19T07:10:00,-,교차 무관(사유: TRAILING_STOP_FIXED),교차 무관(사유: TRAILING_STOP_FIXED)
7,2026-09-18 17:26:34,1049,2026-09-19T17:24:35,BUY,HTS_BUY,613.0,,-,교차 무관(사유: HTS_BUY),교차 무관(사유: HTS_BUY)
9,2026-09-30 16:33:06,1162,2026-09-30T16:47:09,BUY,HTS_BUY,761.0,,-,교차 무관(사유: HTS_BUY),교차 무관(사유: HTS_BUY)
11,2026-09-30 19:44:29,1164,2026-09-30T23:40:09,SELL,EMA_DC,740.0,2026-09-30T23:35:00,예,1봉 앞당김,같은 봉
