k,bar_ts_kst,close,ema60_engine,ema60_fixseed,ema60_ref,d60_engine_minus_fixseed,d60_engine_minus_ref,ema200_engine,ema200_fixseed,ema200_ref,d200_engine_minus_fixseed,d200_engine_minus_ref,gap_engine(60-200),gap_fixseed(60-200),gap_ref(60-200)
0,seed@11:40 (engine close=729 / confirmed 733),733.0,722.8333,722.9,725.2557,-0.0667,-2.4223,735.595,735.615,733.1758,-0.02,2.4192,-12.7617,-12.715,-7.9202
1,2026-10-01T11:45:00,735.0,723.2322,723.2967,725.5751,-0.0645,-2.3429,735.5891,735.6089,733.194,-0.0198,2.3951,-12.3568,-12.3122,-7.6188
2,2026-10-01T11:50:00,734.0,723.5853,723.6476,725.8514,-0.0624,-2.2661,735.5733,735.5929,733.202,-0.0196,2.3713,-11.988,-11.9452,-7.3506
3,2026-10-01T11:55:00,737.0,724.0251,724.0854,726.2169,-0.0603,-2.1918,735.5875,735.6069,733.2398,-0.0194,2.3477,-11.5624,-11.5214,-7.0229
4,2026-10-01T12:00:00,733.0,724.3194,724.3777,726.4393,-0.0583,-2.1199,735.5617,735.5809,733.2374,-0.0192,2.3243,-11.2424,-11.2032,-6.7981
5,2026-10-01T12:05:00,736.0,724.7023,724.7588,726.7528,-0.0564,-2.0504,735.5661,735.5851,733.2649,-0.019,2.3012,-10.8637,-10.8263,-6.5121
6,2026-10-01T12:10:00,738.0,725.1383,725.1929,727.1215,-0.0546,-1.9832,735.5903,735.6091,733.312,-0.0188,2.2783,-10.452,-10.4162,-6.1905
7,2026-10-01T12:15:00,736.0,725.4944,725.5472,727.4126,-0.0528,-1.9182,735.5944,735.613,733.3388,-0.0186,2.2556,-10.0999,-10.0658,-5.9261
8,2026-10-01T12:20:00,735.0,725.8061,725.8572,727.6614,-0.0511,-1.8553,735.5885,735.6069,733.3553,-0.0185,2.2332,-9.7824,-9.7498,-5.6939

"# EMA60: a=0.03279, 초기 시드 오차 = (729-733)/60 = -0.0667원, 1%로 감쇠 139봉, 0.1%로 감쇠 208봉"

"# EMA200: a=0.00995, 초기 시드 오차 = (729-733)/200 = -0.0200원, 1%로 감쇠 461봉, 0.1%로 감쇠 691봉"

"# 표 2. 기동별 워밍업 마지막 봉과 시드 오차 (2026-08-30 이후 journal 의 워밍업 13회, 전부 '마지막 봉 유지')"
boot_kst,last_bar_kst,interval,last_bar_state,elapsed_in_bar_sec,warmup_close,confirmed_close,diff,ema60_seed_err,ema200_seed_err,gap_seed_err(60-200),diff_pct
2026-09-02 14:32:56,2026-09-02 14:21:00,minute1,확정,,586,586.0,0.0,0.0,0.0,0.0,0.0
2026-09-02 19:04:25,2026-09-02 19:00:00,minute5,형성 중,265,578,577.0,1.0,0.0167,0.005,0.0117,0.173
2026-09-04 17:46:48,2026-09-04 17:45:00,minute5,형성 중,108,589,590.0,-1.0,-0.0167,-0.005,-0.0117,-0.169
2026-09-04 19:46:56,2026-09-04 19:40:00,minute5,확정,,588,588.0,0.0,0.0,0.0,0.0,0.0
2026-09-12 17:36:25,2026-09-12 17:30:00,minute5,확정,,593,593.0,0.0,0.0,0.0,0.0,0.0
2026-09-13 17:00:58,2026-09-13 16:55:00,minute5,확정,,581,581.0,0.0,0.0,0.0,0.0,0.0
2026-09-18 17:26:34,2026-09-18 17:20:00,minute5,확정,,623,623.0,0.0,0.0,0.0,0.0,0.0
2026-09-25 12:41:06,2026-09-25 12:40:00,minute5,형성 중,66,667,666.0,1.0,0.0167,0.005,0.0117,0.15
2026-09-30 16:33:06,2026-09-30 16:30:00,minute5,형성 중,186,755,755.0,0.0,0.0,0.0,0.0,0.0
2026-09-30 18:02:09,2026-09-30 18:00:00,minute5,형성 중,129,759,759.0,0.0,0.0,0.0,0.0,0.0
2026-09-30 19:44:29,2026-09-30 19:40:00,minute5,형성 중,269,755,755.0,0.0,0.0,0.0,0.0,0.0
2026-10-01 09:56:09,2026-10-01 09:50:00,minute5,확정,,727,727.0,0.0,0.0,0.0,0.0,0.0
2026-10-01 11:42:08,2026-10-01 11:40:00,minute5,형성 중,128,729,733.0,-4.0,-0.0667,-0.02,-0.0467,-0.546
