audit_buy_eval	74870	2026-10-01T16:00:00+09:00	2026-10-01T20:11:03.407749+09:00	0	WARMUP	⏳ WARMUP 진행 중 (완료 151/200)
audit_buy_eval	74871	2026-10-01T16:05:00+09:00	2026-10-01T20:11:03.410541+09:00	0	WARMUP	⏳ WARMUP 진행 중 (완료 152/200)
audit_buy_eval	74872	2026-10-01T16:10:00+09:00	2026-10-01T20:11:03.413248+09:00	0	WARMUP	⏳ WARMUP 진행 중 (완료 153/200)
audit_buy_eval	74873	2026-10-01T16:15:00+09:00	2026-10-02T10:03:26.622836+09:00	0	WARMUP	⏳ WARMUP 진행 중 (완료 1/200)
audit_buy_eval	74874	2026-10-01T16:20:00+09:00	2026-10-02T10:03:26.628691+09:00	0	WARMUP	⏳ WARMUP 진행 중 (완료 2/200)
audit_buy_eval	74875	2026-10-01T16:25:00+09:00	2026-10-02T10:03:26.631785+09:00	0	WARMUP	⏳ WARMUP 진행 중 (완료 3/200)
audit_buy_eval	74876	2026-10-01T16:30:00+09:00	2026-10-02T10:03:26.634848+09:00	0	WARMUP	⏳ WARMUP 진행 중 (완료 4/200)
audit_buy_eval	74877	2026-10-01T16:35:00+09:00	2026-10-02T10:03:26.637930+09:00	0	WARMUP	⏳ WARMUP 진행 중 (완료 5/200)
audit_buy_eval	74878	2026-10-01T16:40:00+09:00	2026-10-02T10:03:26.640908+09:00	0	WARMUP	⏳ WARMUP 진행 중 (완료 6/200)
audit_buy_eval	74879	2026-10-01T16:45:00+09:00	2026-10-02T10:03:26.643976+09:00	0	WARMUP	⏳ WARMUP 진행 중 (완료 7/200)
audit_buy_eval	74880	2026-10-01T16:50:00+09:00	2026-10-02T10:03:26.647110+09:00	0	WARMUP	⏳ WARMUP 진행 중 (완료 8/200)
audit_buy_eval	74881	2026-10-01T16:55:00+09:00	2026-10-02T10:03:26.650012+09:00	0	WARMUP	⏳ WARMUP 진행 중 (완료 9/200)
audit_buy_eval	74882	2026-10-01T17:00:00+09:00	2026-10-02T10:03:26.653424+09:00	0	WARMUP	⏳ WARMUP 진행 중 (완료 10/200)
audit_buy_eval	74883	2026-10-01T17:05:00+09:00	2026-10-02T10:03:26.656486+09:00	0	WARMUP	⏳ WARMUP 진행 중 (완료 11/200)
audit_buy_eval	74884	2026-10-01T17:10:00+09:00	2026-10-02T10:03:26.659909+09:00	0	WARMUP	⏳ WARMUP 진행 중 (완료 12/200)
audit_buy_eval	74885	2026-10-01T17:15:00+09:00	2026-10-02T10:03:26.663281+09:00	0	WARMUP	⏳ WARMUP 진행 중 (완료 13/200)
audit_buy_eval	74886	2026-10-01T17:20:00+09:00	2026-10-02T10:03:26.666594+09:00	0	WARMUP	⏳ WARMUP 진행 중 (완료 14/200)
audit_buy_eval	74887	2026-10-01T17:25:00+09:00	2026-10-02T10:03:26.669711+09:00	0	WARMUP	⏳ WARMUP 진행 중 (완료 15/200)
audit_buy_eval	74888	2026-10-01T17:30:00+09:00	2026-10-02T10:03:26.672766+09:00	0	WARMUP	⏳ WARMUP 진행 중 (완료 16/200)
audit_buy_eval	74889	2026-10-01T17:35:00+09:00	2026-10-02T10:03:26.675590+09:00	0	WARMUP	⏳ WARMUP 진행 중 (완료 17/200)
audit_buy_eval	74890	2026-10-01T17:40:00+09:00	2026-10-02T10:03:26.678703+09:00	0	WARMUP	⏳ WARMUP 진행 중 (완료 18/200)
audit_buy_eval	74891	2026-10-01T17:45:00+09:00	2026-10-02T10:03:26.681633+09:00	0	WARMUP	⏳ WARMUP 진행 중 (완료 19/200)
audit_buy_eval	74892	2026-10-01T17:50:00+09:00	2026-10-02T10:03:26.684781+09:00	0	WARMUP	⏳ WARMUP 진행 중 (완료 20/200)
audit_buy_eval	74893	2026-10-01T17:55:00+09:00	2026-10-02T10:03:26.687821+09:00	0	WARMUP	⏳ WARMUP 진행 중 (완료 21/200)
audit_buy_eval	74894	2026-10-01T18:00:00+09:00	2026-10-02T10:03:26.690697+09:00	0	WARMUP	⏳ WARMUP 진행 중 (완료 22/200)
audit_buy_eval	74895	2026-10-01T18:05:00+09:00	2026-10-02T10:03:26.693885+09:00	0	WARMUP	⏳ WARMUP 진행 중 (완료 23/200)
audit_buy_eval	74912	2026-10-01T18:10:00+09:00	2026-10-02T10:03:26.696931+09:00	0	WARMUP	⏳ WARMUP 진행 중 (완료 24/200)
audit_buy_eval	74913	2026-10-01T18:15:00+09:00	2026-10-02T10:03:26.700205+09:00	0	WARMUP	⏳ WARMUP 진행 중 (완료 25/200)
audit_buy_eval	74914	2026-10-01T18:20:00+09:00	2026-10-02T10:03:26.703574+09:00	0	WARMUP	⏳ WARMUP 진행 중 (완료 26/200)
audit_buy_eval	74915	2026-10-01T18:25:00+09:00	2026-10-02T10:03:26.706678+09:00	0	WARMUP	⏳ WARMUP 진행 중 (완료 27/200)
audit_buy_eval	74916	2026-10-01T18:30:00+09:00	2026-10-02T10:03:26.709821+09:00	0	WARMUP	⏳ WARMUP 진행 중 (완료 28/200)
audit_buy_eval	74917	2026-10-01T18:35:00+09:00	2026-10-02T10:03:26.713199+09:00	0	WARMUP	⏳ WARMUP 진행 중 (완료 29/200)
audit_buy_eval	74918	2026-10-01T18:40:00+09:00	2026-10-02T10:03:26.716373+09:00	0	WARMUP	⏳ WARMUP 진행 중 (완료 30/200)
audit_buy_eval	74919	2026-10-01T18:45:00+09:00	2026-10-02T10:03:26.719617+09:00	0	WARMUP	⏳ WARMUP 진행 중 (완료 31/200)
audit_buy_eval	74920	2026-10-01T18:50:00+09:00	2026-10-02T10:03:26.723076+09:00	0	WARMUP	⏳ WARMUP 진행 중 (완료 32/200)
audit_buy_eval	74921	2026-10-01T18:55:00+09:00	2026-10-02T10:03:26.726798+09:00	0	WARMUP	⏳ WARMUP 진행 중 (완료 33/200)
audit_buy_eval	74922	2026-10-01T19:00:00+09:00	2026-10-02T10:03:26.730207+09:00	0	WARMUP	⏳ WARMUP 진행 중 (완료 34/200)
audit_buy_eval	74923	2026-10-01T19:05:00+09:00	2026-10-02T10:03:26.733126+09:00	0	WARMUP	⏳ WARMUP 진행 중 (완료 35/200)
audit_buy_eval	74924	2026-10-01T19:10:00+09:00	2026-10-02T10:03:26.736578+09:00	0	WARMUP	⏳ WARMUP 진행 중 (완료 36/200)
audit_buy_eval	74925	2026-10-01T19:15:00+09:00	2026-10-02T10:03:26.740054+09:00	0	WARMUP	⏳ WARMUP 진행 중 (완료 37/200)
audit_buy_eval	74926	2026-10-01T19:20:00+09:00	2026-10-02T10:03:26.743225+09:00	0	WARMUP	⏳ WARMUP 진행 중 (완료 38/200)
audit_buy_eval	74927	2026-10-01T19:25:00+09:00	2026-10-02T10:03:26.746658+09:00	0	WARMUP	⏳ WARMUP 진행 중 (완료 39/200)
audit_buy_eval	74928	2026-10-01T19:30:00+09:00	2026-10-02T10:03:26.749906+09:00	0	WARMUP	⏳ WARMUP 진행 중 (완료 40/200)
audit_buy_eval	74929	2026-10-01T19:35:00+09:00	2026-10-02T10:03:26.752943+09:00	0	WARMUP	⏳ WARMUP 진행 중 (완료 41/200)
audit_buy_eval	74930	2026-10-01T19:40:00+09:00	2026-10-02T10:03:26.755778+09:00	0	WARMUP	⏳ WARMUP 진행 중 (완료 42/200)
audit_buy_eval	74931	2026-10-01T19:45:00+09:00	2026-10-02T10:03:26.758954+09:00	0	WARMUP	⏳ WARMUP 진행 중 (완료 43/200)
audit_buy_eval	74932	2026-10-01T19:50:00+09:00	2026-10-02T10:03:26.762457+09:00	0	WARMUP	⏳ WARMUP 진행 중 (완료 44/200)
audit_buy_eval	74933	2026-10-01T19:55:00+09:00	2026-10-02T10:03:26.766804+09:00	0	WARMUP	⏳ WARMUP 진행 중 (완료 45/200)
audit_buy_eval	74934	2026-10-01T20:00:00+09:00	2026-10-02T10:03:26.769750+09:00	0	WARMUP	⏳ WARMUP 진행 중 (완료 46/200)
audit_buy_eval	74935	2026-10-01T20:05:00+09:00	2026-10-02T10:03:26.772592+09:00	0	WARMUP	⏳ WARMUP 진행 중 (완료 47/200)
audit_buy_eval	74936	2026-10-01T20:10:00+09:00	2026-10-01T20:15:11.605176+09:00	0	None	Dead | NO_SIGNAL | bar=201
audit_buy_eval	74937	2026-10-01T20:15:00+09:00	2026-10-01T20:20:11.398769+09:00	0	None	Dead | NO_SIGNAL | bar=202
audit_buy_eval	74938	2026-10-01T20:20:00+09:00	2026-10-01T20:25:12.285896+09:00	0	None	Dead | NO_SIGNAL | bar=203
audit_buy_eval	74939	2026-10-01T20:30:00+09:00	2026-10-01T20:35:10.632622+09:00	0	None	Dead | NO_SIGNAL | bar=204
audit_buy_eval	74940	2026-10-01T20:35:00+09:00	2026-10-01T20:40:06.406084+09:00	0	None	Dead | NO_SIGNAL | bar=205
audit_buy_eval	74941	2026-10-01T20:40:00+09:00	2026-10-01T20:45:11.294663+09:00	0	None	Dead | NO_SIGNAL | bar=206
audit_buy_eval	74942	2026-10-01T20:45:00+09:00	2026-10-01T20:50:11.177037+09:00	0	None	Dead | NO_SIGNAL | bar=207
audit_buy_eval	74943	2026-10-01T20:50:00+09:00	2026-10-01T20:55:11.009393+09:00	0	None	Dead | NO_SIGNAL | bar=208
audit_buy_eval	74944	2026-10-01T20:55:00+09:00	2026-10-01T21:00:05.903483+09:00	0	None	Dead | NO_SIGNAL | bar=209
audit_buy_eval	74945	2026-10-01T21:00:00+09:00	2026-10-01T21:05:10.768629+09:00	0	None	Dead | NO_SIGNAL | bar=210
audit_buy_eval	74946	2026-10-01T21:05:00+09:00	2026-10-01T21:10:11.591860+09:00	0	None	Dead | NO_SIGNAL | bar=211
audit_buy_eval	74947	2026-10-01T21:10:00+09:00	2026-10-01T21:15:11.491075+09:00	0	None	Dead | NO_SIGNAL | bar=212
audit_buy_eval	74948	2026-10-01T21:15:00+09:00	2026-10-01T21:20:11.258862+09:00	0	None	Dead | NO_SIGNAL | bar=213
audit_buy_eval	74949	2026-10-01T21:20:00+09:00	2026-10-01T21:25:11.123787+09:00	0	None	Dead | NO_SIGNAL | bar=214
audit_buy_eval	74950	2026-10-01T21:25:00+09:00	2026-10-01T21:30:05.973296+09:00	0	None	Dead | NO_SIGNAL | bar=215
audit_buy_eval	74951	2026-10-01T21:30:00+09:00	2026-10-01T21:35:10.764013+09:00	0	None	Dead | NO_SIGNAL | bar=216
audit_buy_eval	74952	2026-10-01T21:35:00+09:00	2026-10-01T21:40:05.604632+09:00	0	None	Dead | NO_SIGNAL | bar=217
audit_buy_eval	74953	2026-10-01T21:40:00+09:00	2026-10-01T21:45:11.543474+09:00	0	None	Dead | NO_SIGNAL | bar=218
audit_buy_eval	74954	2026-10-01T21:45:00+09:00	2026-10-01T21:50:11.898113+09:00	0	None	Dead | NO_SIGNAL | bar=219
audit_buy_eval	74955	2026-10-01T21:50:00+09:00	2026-10-01T21:55:11.090295+09:00	0	None	Dead | NO_SIGNAL | bar=220
audit_buy_eval	74956	2026-10-01T21:55:00+09:00	2026-10-01T22:00:11.072772+09:00	0	None	Dead | NO_SIGNAL | bar=221
audit_buy_eval	74957	2026-10-01T22:00:00+09:00	2026-10-01T22:05:10.889956+09:00	0	None	Dead | NO_SIGNAL | bar=222
audit_buy_eval	74958	2026-10-01T22:05:00+09:00	2026-10-01T22:10:10.715595+09:00	0	None	Dead | NO_SIGNAL | bar=223
audit_buy_eval	74959	2026-10-01T22:10:00+09:00	2026-10-01T22:15:11.537427+09:00	0	None	Dead | NO_SIGNAL | bar=224
audit_buy_eval	74960	2026-10-01T22:15:00+09:00	2026-10-01T22:20:11.417111+09:00	0	None	Dead | NO_SIGNAL | bar=225
audit_buy_eval	74961	2026-10-01T22:20:00+09:00	2026-10-01T22:25:11.271369+09:00	0	None	Dead | NO_SIGNAL | bar=226
audit_buy_eval	74962	2026-10-01T22:25:00+09:00	2026-10-01T22:30:06.124694+09:00	0	None	Dead | NO_SIGNAL | bar=227
audit_buy_eval	74963	2026-10-01T22:30:00+09:00	2026-10-01T22:35:10.952923+09:00	0	None	Dead | NO_SIGNAL | bar=228
audit_buy_eval	74964	2026-10-01T22:35:00+09:00	2026-10-01T22:40:10.821886+09:00	0	None	Dead | NO_SIGNAL | bar=229
audit_buy_eval	74965	2026-10-01T22:40:00+09:00	2026-10-01T22:45:10.735673+09:00	0	None	Dead | NO_SIGNAL | bar=230
audit_buy_eval	74966	2026-10-01T22:45:00+09:00	2026-10-01T22:50:11.523103+09:00	0	None	Dead | NO_SIGNAL | bar=231
audit_buy_eval	74967	2026-10-01T22:50:00+09:00	2026-10-01T22:55:11.427379+09:00	0	None	Dead | NO_SIGNAL | bar=232
audit_buy_eval	74968	2026-10-01T22:55:00+09:00	2026-10-01T23:00:11.277584+09:00	0	None	Dead | NO_SIGNAL | bar=233
audit_buy_eval	74969	2026-10-01T23:00:00+09:00	2026-10-01T23:05:11.145544+09:00	0	None	Dead | NO_SIGNAL | bar=234
audit_buy_eval	74970	2026-10-01T23:05:00+09:00	2026-10-01T23:10:11.004009+09:00	0	None	Dead | NO_SIGNAL | bar=235
audit_buy_eval	74971	2026-10-01T23:10:00+09:00	2026-10-01T23:15:10.919925+09:00	0	None	Dead | NO_SIGNAL | bar=236
audit_buy_eval	74972	2026-10-01T23:15:00+09:00	2026-10-01T23:20:11.730809+09:00	0	None	Dead | NO_SIGNAL | bar=237
audit_buy_eval	74973	2026-10-01T23:20:00+09:00	2026-10-01T23:25:11.754104+09:00	0	None	Dead | NO_SIGNAL | bar=238
audit_buy_eval	74974	2026-10-01T23:25:00+09:00	2026-10-01T23:30:10.767851+09:00	0	None	Dead | NO_SIGNAL | bar=239
audit_buy_eval	74975	2026-10-01T23:30:00+09:00	2026-10-01T23:35:11.593094+09:00	0	None	Dead | NO_SIGNAL | bar=240
audit_buy_eval	74976	2026-10-01T23:35:00+09:00	2026-10-01T23:40:11.448929+09:00	0	None	Dead | NO_SIGNAL | bar=241
audit_buy_eval	74977	2026-10-01T23:40:00+09:00	2026-10-01T23:45:11.344580+09:00	0	None	Dead | NO_SIGNAL | bar=242
audit_buy_eval	74978	2026-10-01T23:45:00+09:00	2026-10-01T23:50:11.214951+09:00	0	None	Dead | NO_SIGNAL | bar=243
audit_buy_eval	74979	2026-10-01T23:50:00+09:00	2026-10-01T23:55:11.056053+09:00	0	None	Dead | NO_SIGNAL | bar=244
audit_buy_eval	74980	2026-10-01T23:55:00+09:00	2026-10-02T00:00:05.962848+09:00	0	None	Dead | NO_SIGNAL | bar=245
audit_buy_eval	74981	2026-10-02T00:00:00+09:00	2026-10-02T00:05:10.876248+09:00	0	None	Dead | NO_SIGNAL | bar=246
audit_buy_eval	74982	2026-10-02T00:05:00+09:00	2026-10-02T00:10:05.722896+09:00	0	None	Dead | NO_SIGNAL | bar=247
audit_buy_eval	74983	2026-10-02T00:10:00+09:00	2026-10-02T00:15:11.517185+09:00	0	None	Dead | NO_SIGNAL | bar=248
audit_buy_eval	74984	2026-10-02T00:15:00+09:00	2026-10-02T00:20:06.323566+09:00	0	None	Dead | NO_SIGNAL | bar=249
audit_buy_eval	74985	2026-10-02T00:20:00+09:00	2026-10-02T00:25:11.169496+09:00	0	None	Dead | NO_SIGNAL | bar=250
audit_buy_eval	74986	2026-10-02T00:25:00+09:00	2026-10-02T00:30:06.005834+09:00	0	None	Dead | NO_SIGNAL | bar=251
audit_buy_eval	74987	2026-10-02T00:30:00+09:00	2026-10-02T00:35:10.911261+09:00	0	None	Dead | NO_SIGNAL | bar=252
audit_buy_eval	74988	2026-10-02T00:35:00+09:00	2026-10-02T00:40:10.809691+09:00	0	None	Dead | NO_SIGNAL | bar=253
audit_buy_eval	74989	2026-10-02T00:40:00+09:00	2026-10-02T00:45:10.672275+09:00	0	None	Dead | NO_SIGNAL | bar=254
audit_buy_eval	74990	2026-10-02T00:45:00+09:00	2026-10-02T00:50:11.552474+09:00	0	None	Dead | NO_SIGNAL | bar=255
audit_buy_eval	74991	2026-10-02T00:50:00+09:00	2026-10-02T00:55:11.313579+09:00	0	None	Dead | NO_SIGNAL | bar=256
audit_buy_eval	74992	2026-10-02T00:55:00+09:00	2026-10-02T01:00:06.117326+09:00	0	None	Dead | NO_SIGNAL | bar=257
audit_buy_eval	74993	2026-10-02T01:00:00+09:00	2026-10-02T01:05:10.961716+09:00	0	None	Dead | NO_SIGNAL | bar=258
audit_buy_eval	74994	2026-10-02T01:05:00+09:00	2026-10-02T01:10:10.965469+09:00	0	None	Dead | NO_SIGNAL | bar=259
audit_buy_eval	74995	2026-10-02T01:10:00+09:00	2026-10-02T01:15:10.806966+09:00	0	None	Dead | NO_SIGNAL | bar=260
audit_buy_eval	74996	2026-10-02T01:15:00+09:00	2026-10-02T01:20:11.692871+09:00	0	None	Dead | NO_SIGNAL | bar=261
audit_buy_eval	74997	2026-10-02T01:20:00+09:00	2026-10-02T01:25:12.271264+09:00	0	None	Dead | NO_SIGNAL | bar=262
audit_buy_eval	74998	2026-10-02T01:25:00+09:00	2026-10-02T01:30:11.161570+09:00	0	None	Dead | NO_SIGNAL | bar=263
audit_buy_eval	74999	2026-10-02T01:30:00+09:00	2026-10-02T01:35:10.999115+09:00	0	None	Dead | NO_SIGNAL | bar=264
audit_buy_eval	75000	2026-10-02T01:35:00+09:00	2026-10-02T01:40:10.902821+09:00	0	None	Dead | NO_SIGNAL | bar=265
audit_buy_eval	75001	2026-10-02T01:40:00+09:00	2026-10-02T01:45:10.764262+09:00	0	None	Dead | NO_SIGNAL | bar=266
audit_buy_eval	75002	2026-10-02T01:45:00+09:00	2026-10-02T01:50:10.689788+09:00	0	None	Dead | NO_SIGNAL | bar=267
audit_buy_eval	75003	2026-10-02T01:50:00+09:00	2026-10-02T01:55:11.590110+09:00	0	None	Dead | NO_SIGNAL | bar=268
audit_buy_eval	75004	2026-10-02T01:55:00+09:00	2026-10-02T02:00:11.494423+09:00	0	None	Dead | NO_SIGNAL | bar=269
audit_buy_eval	75005	2026-10-02T02:00:00+09:00	2026-10-02T02:05:11.340119+09:00	0	None	Dead | NO_SIGNAL | bar=270
audit_buy_eval	75006	2026-10-02T02:10:00+09:00	2026-10-02T02:15:11.023417+09:00	0	None	Dead | NO_SIGNAL | bar=271
audit_buy_eval	75007	2026-10-02T02:15:00+09:00	2026-10-02T02:20:05.875850+09:00	0	None	Dead | NO_SIGNAL | bar=272
audit_buy_eval	75008	2026-10-02T02:20:00+09:00	2026-10-02T02:25:10.712149+09:00	0	None	Dead | NO_SIGNAL | bar=273
audit_buy_eval	75009	2026-10-02T02:25:00+09:00	2026-10-02T02:30:06.550092+09:00	0	None	Dead | NO_SIGNAL | bar=274
audit_buy_eval	75010	2026-10-02T02:30:00+09:00	2026-10-02T02:35:11.341786+09:00	0	None	Dead | NO_SIGNAL | bar=275
audit_buy_eval	75011	2026-10-02T02:35:00+09:00	2026-10-02T02:40:11.210204+09:00	0	None	Dead | NO_SIGNAL | bar=276
audit_buy_eval	75012	2026-10-02T02:40:00+09:00	2026-10-02T02:45:06.057045+09:00	0	None	Dead | NO_SIGNAL | bar=277
audit_buy_eval	75013	2026-10-02T02:45:00+09:00	2026-10-02T02:50:10.928883+09:00	0	None	Dead | NO_SIGNAL | bar=278
audit_buy_eval	75014	2026-10-02T02:50:00+09:00	2026-10-02T02:55:10.801311+09:00	0	None	Dead | NO_SIGNAL | bar=279
audit_buy_eval	75015	2026-10-02T02:55:00+09:00	2026-10-02T03:00:10.694645+09:00	0	None	Dead | NO_SIGNAL | bar=280
audit_buy_eval	75016	2026-10-02T03:00:00+09:00	2026-10-02T03:05:06.464675+09:00	0	None	Dead | NO_SIGNAL | bar=281
audit_buy_eval	75017	2026-10-02T03:05:00+09:00	2026-10-02T03:10:11.326849+09:00	0	None	Dead | NO_SIGNAL | bar=282
audit_buy_eval	75018	2026-10-02T03:10:00+09:00	2026-10-02T03:15:11.223138+09:00	0	None	Dead | NO_SIGNAL | bar=283
audit_buy_eval	75019	2026-10-02T03:15:00+09:00	2026-10-02T03:20:11.058461+09:00	0	None	Dead | NO_SIGNAL | bar=284
audit_buy_eval	75020	2026-10-02T03:25:00+09:00	2026-10-02T03:30:10.965638+09:00	0	None	Dead | NO_SIGNAL | bar=285
audit_buy_eval	75021	2026-10-02T03:35:00+09:00	2026-10-02T03:40:12.157886+09:00	1	None	🟢 BUY | Golden | bar=286
audit_buy_eval	75069	2026-10-02T03:40:00+09:00	2026-10-02T10:03:26.835236+09:00	0	WARMUP	⏳ WARMUP 진행 중 (완료 134/200)
audit_buy_eval	75070	2026-10-02T03:50:00+09:00	2026-10-02T10:03:26.840321+09:00	0	WARMUP	⏳ WARMUP 진행 중 (완료 135/200)
audit_buy_eval	75022	2026-10-02T03:55:00+09:00	2026-10-02T04:00:11.520701+09:00	0	None	Golden | NO_SIGNAL | bar=289
audit_buy_eval	75023	2026-10-02T04:00:00+09:00	2026-10-02T04:05:11.354090+09:00	0	None	Golden | NO_SIGNAL | bar=290
audit_buy_eval	75024	2026-10-02T04:05:00+09:00	2026-10-02T04:10:11.144417+09:00	0	None	Golden | NO_SIGNAL | bar=291
audit_buy_eval	75025	2026-10-02T04:15:00+09:00	2026-10-02T04:20:06.504476+09:00	0	None	Golden | NO_SIGNAL | bar=292
audit_buy_eval	75026	2026-10-02T04:20:00+09:00	2026-10-02T04:25:12.385043+09:00	0	None	Golden | NO_SIGNAL | bar=293
audit_buy_eval	75027	2026-10-02T04:25:00+09:00	2026-10-02T04:30:11.290306+09:00	0	None	Golden | NO_SIGNAL | bar=294
audit_buy_eval	75028	2026-10-02T04:30:00+09:00	2026-10-02T04:35:11.211670+09:00	0	None	Golden | NO_SIGNAL | bar=295
audit_buy_eval	75029	2026-10-02T04:35:00+09:00	2026-10-02T04:40:11.007805+09:00	0	None	Golden | NO_SIGNAL | bar=296
audit_buy_eval	75030	2026-10-02T04:40:00+09:00	2026-10-02T04:45:10.890083+09:00	0	None	Golden | NO_SIGNAL | bar=297
audit_buy_eval	75031	2026-10-02T04:50:00+09:00	2026-10-02T04:55:11.362355+09:00	0	None	Golden | NO_SIGNAL | bar=298
audit_buy_eval	75032	2026-10-02T04:55:00+09:00	2026-10-02T05:00:11.252579+09:00	0	None	Golden | NO_SIGNAL | bar=299
audit_buy_eval	75033	2026-10-02T05:00:00+09:00	2026-10-02T05:05:11.101858+09:00	0	None	Golden | NO_SIGNAL | bar=300
audit_buy_eval	75034	2026-10-02T05:05:00+09:00	2026-10-02T05:10:10.970617+09:00	0	None	Golden | NO_SIGNAL | bar=301
audit_buy_eval	75035	2026-10-02T05:10:00+09:00	2026-10-02T05:15:10.867920+09:00	0	None	Golden | NO_SIGNAL | bar=302
audit_buy_eval	75036	2026-10-02T05:20:00+09:00	2026-10-02T05:25:11.445703+09:00	0	None	Golden | NO_SIGNAL | bar=303
audit_buy_eval	75037	2026-10-02T05:25:00+09:00	2026-10-02T05:30:11.268688+09:00	0	None	Golden | NO_SIGNAL | bar=304
audit_buy_eval	75038	2026-10-02T05:35:00+09:00	2026-10-02T05:40:10.637292+09:00	0	None	Golden | NO_SIGNAL | bar=305
audit_buy_eval	75039	2026-10-02T05:40:00+09:00	2026-10-02T05:45:11.425732+09:00	0	None	Golden | NO_SIGNAL | bar=306
audit_buy_eval	75040	2026-10-02T05:55:00+09:00	2026-10-02T06:00:11.083420+09:00	0	None	Golden | NO_SIGNAL | bar=307
audit_buy_eval	75041	2026-10-02T06:00:00+09:00	2026-10-02T06:05:10.877858+09:00	0	None	Golden | NO_SIGNAL | bar=308
audit_buy_eval	75042	2026-10-02T06:05:00+09:00	2026-10-02T06:10:10.784838+09:00	0	None	Golden | NO_SIGNAL | bar=309
audit_buy_eval	75043	2026-10-02T06:10:00+09:00	2026-10-02T06:15:11.627384+09:00	0	None	Golden | NO_SIGNAL | bar=310
audit_buy_eval	75044	2026-10-02T06:15:00+09:00	2026-10-02T06:20:11.515261+09:00	0	None	Golden | NO_SIGNAL | bar=311
audit_buy_eval	75045	2026-10-02T06:20:00+09:00	2026-10-02T06:25:06.379159+09:00	0	None	Golden | NO_SIGNAL | bar=312
audit_buy_eval	75046	2026-10-02T06:25:00+09:00	2026-10-02T06:30:06.182467+09:00	0	None	Golden | NO_SIGNAL | bar=313
audit_buy_eval	75047	2026-10-02T06:30:00+09:00	2026-10-02T06:35:11.049336+09:00	0	None	Golden | NO_SIGNAL | bar=314
audit_buy_eval	75048	2026-10-02T06:35:00+09:00	2026-10-02T06:40:10.880908+09:00	0	None	Golden | NO_SIGNAL | bar=315
audit_buy_eval	75049	2026-10-02T06:40:00+09:00	2026-10-02T06:45:10.947098+09:00	0	None	Golden | NO_SIGNAL | bar=316
audit_buy_eval	75050	2026-10-02T06:45:00+09:00	2026-10-02T06:50:10.790740+09:00	0	None	Golden | NO_SIGNAL | bar=317
audit_buy_eval	75051	2026-10-02T06:50:00+09:00	2026-10-02T06:55:10.669835+09:00	0	None	Golden | NO_SIGNAL | bar=318
audit_buy_eval	75052	2026-10-02T06:55:00+09:00	2026-10-02T07:00:11.625642+09:00	0	None	Golden | NO_SIGNAL | bar=319
audit_buy_eval	75053	2026-10-02T07:00:00+09:00	2026-10-02T07:05:11.995616+09:00	0	None	Golden | NO_SIGNAL | bar=320
audit_buy_eval	75054	2026-10-02T07:05:00+09:00	2026-10-02T07:10:10.886688+09:00	0	None	Golden | NO_SIGNAL | bar=321
audit_buy_eval	75055	2026-10-02T07:10:00+09:00	2026-10-02T07:15:10.730737+09:00	0	None	Golden | NO_SIGNAL | bar=322
audit_buy_eval	75056	2026-10-02T07:15:00+09:00	2026-10-02T07:20:11.610807+09:00	0	None	Golden | NO_SIGNAL | bar=323
audit_buy_eval	75057	2026-10-02T07:20:00+09:00	2026-10-02T07:25:11.490522+09:00	0	None	Golden | NO_SIGNAL | bar=324
audit_buy_eval	75058	2026-10-02T07:25:00+09:00	2026-10-02T07:30:11.378142+09:00	0	None	Golden | NO_SIGNAL | bar=325
audit_buy_eval	75059	2026-10-02T07:30:00+09:00	2026-10-02T07:35:06.267343+09:00	0	None	Golden | NO_SIGNAL | bar=326
audit_buy_eval	75060	2026-10-02T07:35:00+09:00	2026-10-02T07:40:11.175653+09:00	0	None	Golden | NO_SIGNAL | bar=327
audit_buy_eval	75061	2026-10-02T07:40:00+09:00	2026-10-02T07:45:11.060358+09:00	0	None	Golden | NO_SIGNAL | bar=328
audit_buy_eval	75062	2026-10-02T07:45:00+09:00	2026-10-02T07:50:10.929967+09:00	0	None	Dead | NO_SIGNAL | bar=329
audit_buy_eval	75063	2026-10-02T07:55:00+09:00	2026-10-02T08:00:12.017163+09:00	1	None	🟢 BUY | Golden | bar=330
audit_buy_eval	75071	2026-10-02T08:00:00+09:00	2026-10-02T10:03:26.872748+09:00	0	WARMUP	⏳ WARMUP 진행 중 (완료 178/200)
audit_buy_eval	75072	2026-10-02T08:05:00+09:00	2026-10-02T10:03:26.875845+09:00	0	WARMUP	⏳ WARMUP 진행 중 (완료 179/200)
audit_buy_eval	75073	2026-10-02T08:10:00+09:00	2026-10-02T10:03:26.878772+09:00	0	WARMUP	⏳ WARMUP 진행 중 (완료 180/200)
audit_buy_eval	75074	2026-10-02T08:15:00+09:00	2026-10-02T10:03:26.882122+09:00	0	WARMUP	⏳ WARMUP 진행 중 (완료 181/200)
audit_buy_eval	75075	2026-10-02T08:20:00+09:00	2026-10-02T10:03:26.885113+09:00	0	WARMUP	⏳ WARMUP 진행 중 (완료 182/200)
audit_buy_eval	75076	2026-10-02T08:25:00+09:00	2026-10-02T10:03:26.887877+09:00	0	WARMUP	⏳ WARMUP 진행 중 (완료 183/200)
audit_buy_eval	75077	2026-10-02T08:30:00+09:00	2026-10-02T10:03:26.890577+09:00	0	WARMUP	⏳ WARMUP 진행 중 (완료 184/200)
audit_buy_eval	75078	2026-10-02T08:35:00+09:00	2026-10-02T10:03:26.893274+09:00	0	WARMUP	⏳ WARMUP 진행 중 (완료 185/200)
audit_buy_eval	75079	2026-10-02T08:40:00+09:00	2026-10-02T10:03:26.896266+09:00	0	WARMUP	⏳ WARMUP 진행 중 (완료 186/200)
audit_buy_eval	75080	2026-10-02T08:45:00+09:00	2026-10-02T10:03:26.900314+09:00	0	WARMUP	⏳ WARMUP 진행 중 (완료 187/200)
audit_buy_eval	75081	2026-10-02T08:50:00+09:00	2026-10-02T10:03:26.903157+09:00	0	WARMUP	⏳ WARMUP 진행 중 (완료 188/200)
audit_buy_eval	75082	2026-10-02T08:55:00+09:00	2026-10-02T10:03:26.905781+09:00	0	WARMUP	⏳ WARMUP 진행 중 (완료 189/200)
audit_buy_eval	75083	2026-10-02T09:00:00+09:00	2026-10-02T10:03:26.908586+09:00	0	WARMUP	⏳ WARMUP 진행 중 (완료 190/200)
audit_buy_eval	75084	2026-10-02T09:05:00+09:00	2026-10-02T10:03:26.911604+09:00	0	WARMUP	⏳ WARMUP 진행 중 (완료 191/200)
audit_buy_eval	75085	2026-10-02T09:10:00+09:00	2026-10-02T10:03:26.914205+09:00	0	WARMUP	⏳ WARMUP 진행 중 (완료 192/200)
audit_buy_eval	75086	2026-10-02T09:15:00+09:00	2026-10-02T10:03:26.917125+09:00	0	WARMUP	⏳ WARMUP 진행 중 (완료 193/200)
audit_buy_eval	75087	2026-10-02T09:20:00+09:00	2026-10-02T10:03:26.920748+09:00	0	WARMUP	⏳ WARMUP 진행 중 (완료 194/200)
audit_buy_eval	75088	2026-10-02T09:25:00+09:00	2026-10-02T10:03:26.923470+09:00	0	WARMUP	⏳ WARMUP 진행 중 (완료 195/200)
audit_buy_eval	75064	2026-10-02T09:30:00+09:00	2026-10-02T09:35:11.389929+09:00	0	None	Golden | NO_SIGNAL | bar=349
audit_buy_eval	75065	2026-10-02T09:35:00+09:00	2026-10-02T09:40:12.102004+09:00	0	None	Golden | NO_SIGNAL | bar=350
audit_buy_eval	75066	2026-10-02T09:45:00+09:00	2026-10-02T09:50:11.468640+09:00	0	None	Golden | NO_SIGNAL | bar=351
audit_buy_eval	75067	2026-10-02T09:50:00+09:00	2026-10-02T09:55:11.345205+09:00	0	None	Golden | NO_SIGNAL | bar=352
audit_buy_eval	75068	2026-10-02T09:55:00+09:00	2026-10-02T10:00:11.170572+09:00	0	None	Golden | NO_SIGNAL | bar=353
audit_buy_eval	75089	2026-10-02T10:00:00+09:00	2026-10-02T10:05:11.800444+09:00	0	None	Golden | NO_SIGNAL | bar=201
audit_sell_eval	15486	2026-10-02T03:40:00+09:00	2026-10-02T03:45:11.393753+09:00	0	None	Golden | PNL=-0.54% | bar=287
audit_sell_eval	15487	2026-10-02T03:50:00+09:00	2026-10-02T03:55:11.314663+09:00	1	None	🔴 SELL | STOP_LOSS | Golden | PNL=-1.20% | bar=288
audit_sell_eval	15488	2026-10-02T08:00:00+09:00	2026-10-02T08:05:11.346577+09:00	0	None	Golden | PNL=0.14% | bar=331
audit_sell_eval	15489	2026-10-02T08:05:00+09:00	2026-10-02T08:10:11.238117+09:00	0	None	Golden | PNL=-0.27% | bar=332
audit_sell_eval	15490	2026-10-02T08:10:00+09:00	2026-10-02T08:15:07.978765+09:00	0	None	Golden | PNL=0.00% | bar=333
audit_sell_eval	15491	2026-10-02T08:15:00+09:00	2026-10-02T08:20:11.809259+09:00	0	None	Golden | PNL=0.41% | bar=334
audit_sell_eval	15492	2026-10-02T08:20:00+09:00	2026-10-02T08:25:10.745188+09:00	0	None	Golden | PNL=0.54% | bar=335
audit_sell_eval	15493	2026-10-02T08:25:00+09:00	2026-10-02T08:30:11.694228+09:00	0	None	Golden | PNL=0.54% | bar=336
audit_sell_eval	15494	2026-10-02T08:30:00+09:00	2026-10-02T08:35:11.627817+09:00	0	None	Golden | PNL=0.54% | bar=337
audit_sell_eval	15495	2026-10-02T08:35:00+09:00	2026-10-02T08:40:11.742491+09:00	0	None	Golden | PNL=0.54% | bar=338
audit_sell_eval	15496	2026-10-02T08:40:00+09:00	2026-10-02T08:45:12.311609+09:00	0	None	Golden | PNL=0.82% | bar=339
audit_sell_eval	15497	2026-10-02T08:45:00+09:00	2026-10-02T08:50:12.208898+09:00	0	None	Golden | PNL=0.68% | bar=340
audit_sell_eval	15498	2026-10-02T08:50:00+09:00	2026-10-02T08:55:12.590222+09:00	0	None	Golden | PNL=0.68% | bar=341
audit_sell_eval	15499	2026-10-02T08:55:00+09:00	2026-10-02T09:00:11.855272+09:00	0	None	Golden | PNL=0.41% | bar=342
audit_sell_eval	15500	2026-10-02T09:00:00+09:00	2026-10-02T09:05:10.760885+09:00	0	None	Golden | PNL=0.68% | bar=343
audit_sell_eval	15501	2026-10-02T09:05:00+09:00	2026-10-02T09:10:11.580724+09:00	0	None	Golden | PNL=0.95% | bar=344
audit_sell_eval	15502	2026-10-02T09:10:00+09:00	2026-10-02T09:15:11.503154+09:00	0	None	Golden | PNL=1.77% | bar=345
audit_sell_eval	15503	2026-10-02T09:15:00+09:00	2026-10-02T09:20:11.389440+09:00	0	None	Golden | PNL=1.50% | bar=346
audit_sell_eval	15504	2026-10-02T09:20:00+09:00	2026-10-02T09:25:11.246766+09:00	0	None	Golden | PNL=1.36% | bar=347
audit_sell_eval	15505	2026-10-02T09:25:00+09:00	2026-10-02T09:30:11.111563+09:00	1	None	🔴 SELL | TRAILING_STOP_FIXED | Golden | PNL=1.09% | bar=348
