pair,event,bar_time_kst,close,recalc_ema_fast,recalc_ema_slow,bot_ema_fast,bot_ema_slow,diff_fast,diff_slow,bot_cross_status,bot_ema_dc_detected,bot_reason
60/200,GC,2026-09-29T19:20,767.0,756.9126,756.6886,,,,,,,
60/200,DC,2026-09-30T01:05,751.0,759.0636,759.1795,759.063587676244,759.17743155877,0.0,0.0021,Dead,1,SELL_SIGNAL
60/200,GC,2026-09-30T05:45,761.0,757.897,757.831,757.896977411538,757.829721500721,0.0,0.0012,Golden,0,NO_SELL_SIGNAL
60/200,DC,2026-09-30T07:15,755.0,757.7802,757.8193,757.780189525277,757.818286108604,0.0,0.0011,Dead,1,SELL_SIGNAL
20/60,DC,2026-09-29T23:20,757.0,762.9627,763.0438,,,,,Golden (봇 60/200 기준 상태),0,NO_SELL_SIGNAL
20/60,GC,2026-09-29T23:45,767.0,763.3583,763.1682,,,,,Golden (봇 60/200 기준 상태),0,NO_SELL_SIGNAL
20/60,DC,2026-09-30T00:10,759.0,762.7917,763.0052,,,,,Golden (봇 60/200 기준 상태),0,NO_SELL_SIGNAL
20/60,GC,2026-09-30T03:50,765.0,754.3508,754.1538,,,,,Dead (봇 60/200 기준 상태),0,NO_SELL_SIGNAL
20/60,DC,2026-09-30T07:20,755.0,757.5503,757.689,,,,,,,
